Workbook
Name AltFn: Options!$K$2:$K$10
Name Mode: Options!$A$2:$A$5
Name OutputInit: Options!$I$2:$I$4
Name OutputSpeed: Options!$E$2:$E$6
Name OutputType: Options!$C$2:$C$4
Name Pull: Options!$G$2:$G$4

Sheet GPIO
A1: Name | B1: Port | C1: Pin | D1: Mode | F1: OutputType | H1: OutputSpeed | J1: Pull | L1: OutputInit | N1: AltFn | Q1: Definitions | S1: Map | U1: Global variables
A2: PX_GPIO_DBG_UART2_TX | B2: A | C2: 2 | D2: PX_GPIO_MODE_AF | E2: =VLOOKUP(D2,Options!A$2:B$100,2,FALSE) -> 3 | F2: PX_GPIO_OTYPE_PP | G2: =VLOOKUP(F2,Options!C$2:D$100,2,FALSE) -> 2 | H2: PX_GPIO_OSPEED_LO | I2: =VLOOKUP(H2,Options!E$2:F$100,2,FALSE) -> 2 | J2: PX_GPIO_PULL_NO | K2: =VLOOKUP(J2,Options!G$2:H$100,2,FALSE) -> 1 | L2: PX_GPIO_OUT_INIT_HI | M2: =VLOOKUP(L2,Options!I$2:J$100,2,FALSE) -> 3 | N2: PX_GPIO_AF_4 | O2: =VLOOKUP(N2,Options!K$2:L$100,2,FALSE) -> 6 | Q2: =CONCATENATE("#define ",$A2," PX_GPIO(",$B2,", ",$C2,", ",$D2,", ",$F2,", ",$H2,", ",$J2,", ",$L2,", ",$N2,")") -> #define PX_GPIO_DBG_UART2_TX PX_GPIO(A, 2, PX_GPIO_MODE_AF, PX_GPIO_OTYPE_PP, PX_GPIO_OSPEED_LO, PX_GPIO_PULL_NO, PX_GPIO_OUT_INIT_HI, PX_GPIO_AF_4) | S2: =CONCATENATE("#define PX_GPIO_",$B2,$C2," ",$A2) -> #define PX_GPIO_A2 PX_GPIO_DBG_UART2_TX | U2: =CONCATENATE("static const px_gpio_handle_t ",LOWER($A2)," = {",$A2,"};") -> static const px_gpio_handle_t px_gpio_dbg_uart2_tx = {PX_GPIO_DBG_UART2_TX};
A3: PX_GPIO_DBG_UART2_RX | B3: A | C3: 3 | D3: PX_GPIO_MODE_AF | E3: =VLOOKUP(D3,Options!A$2:B$100,2,FALSE) -> 3 | F3: PX_GPIO_OTYPE_NA | G3: =VLOOKUP(F3,Options!C$2:D$100,2,FALSE) -> 1 | H3: PX_GPIO_OSPEED_NA | I3: =VLOOKUP(H3,Options!E$2:F$100,2,FALSE) -> 1 | J3: PX_GPIO_PULL_UP | K3: =VLOOKUP(J3,Options!G$2:H$100,2,FALSE) -> 2 | L3: PX_GPIO_OUT_INIT_NA | M3: =VLOOKUP(L3,Options!I$2:J$100,2,FALSE) -> 1 | N3: PX_GPIO_AF_4 | O3: =VLOOKUP(N3,Options!K$2:L$100,2,FALSE) -> 6 | Q3: =CONCATENATE("#define ",$A3," PX_GPIO(",$B3,", ",$C3,", ",$D3,", ",$F3,", ",$H3,", ",$J3,", ",$L3,", ",$N3,")") -> #define PX_GPIO_DBG_UART2_RX PX_GPIO(A, 3, PX_GPIO_MODE_AF, PX_GPIO_OTYPE_NA, PX_GPIO_OSPEED_NA, PX_GPIO_PULL_UP, PX_GPIO_OUT_INIT_NA, PX_GPIO_AF_4) | S3: =CONCATENATE("#define PX_GPIO_",$B3,$C3," ",$A3) -> #define PX_GPIO_A3 PX_GPIO_DBG_UART2_RX | U3: =CONCATENATE("static const px_gpio_handle_t ",LOWER($A3)," = {",$A3,"};") -> static const px_gpio_handle_t px_gpio_dbg_uart2_rx = {PX_GPIO_DBG_UART2_RX};
A4: PX_GPIO_LED_GRN | B4: A | C4: 5 | D4: PX_GPIO_MODE_OUT | E4: =VLOOKUP(D4,Options!A$2:B$100,2,FALSE) -> 2 | F4: PX_GPIO_OTYPE_PP | G4: =VLOOKUP(F4,Options!C$2:D$100,2,FALSE) -> 2 | H4: PX_GPIO_OSPEED_LO | I4: =VLOOKUP(H4,Options!E$2:F$100,2,FALSE) -> 2 | J4: PX_GPIO_PULL_NO | K4: =VLOOKUP(J4,Options!G$2:H$100,2,FALSE) -> 1 | L4: PX_GPIO_OUT_INIT_LO | M4: =VLOOKUP(L4,Options!I$2:J$100,2,FALSE) -> 2 | N4: PX_GPIO_AF_NA | O4: =VLOOKUP(N4,Options!K$2:L$100,2,FALSE) -> 1 | Q4: =CONCATENATE("#define ",$A4," PX_GPIO(",$B4,", ",$C4,", ",$D4,", ",$F4,", ",$H4,", ",$J4,", ",$L4,", ",$N4,")") -> #define PX_GPIO_LED_GRN PX_GPIO(A, 5, PX_GPIO_MODE_OUT, PX_GPIO_OTYPE_PP, PX_GPIO_OSPEED_LO, PX_GPIO_PULL_NO, PX_GPIO_OUT_INIT_LO, PX_GPIO_AF_NA) | S4: =CONCATENATE("#define PX_GPIO_",$B4,$C4," ",$A4) -> #define PX_GPIO_A5 PX_GPIO_LED_GRN | U4: =CONCATENATE("static const px_gpio_handle_t ",LOWER($A4)," = {",$A4,"};") -> static const px_gpio_handle_t px_gpio_led_grn = {PX_GPIO_LED_GRN};
A5: PX_GPIO_USBD_N | B5: A | C5: 11 | D5: PX_GPIO_MODE_AF | E5: =VLOOKUP(D5,[1]Options!A$2:B$100,2,FALSE) -> 3 | F5: PX_GPIO_OTYPE_PP | G5: =VLOOKUP(F5,[1]Options!C$2:D$100,2,FALSE) -> 2 | H5: PX_GPIO_OSPEED_VH | I5: =VLOOKUP(H5,[1]Options!E$2:F$100,2,FALSE) -> 5 | J5: PX_GPIO_PULL_NO | K5: =VLOOKUP(J5,[1]Options!G$2:H$100,2,FALSE) -> 1 | L5: PX_GPIO_OUT_INIT_NA | M5: =VLOOKUP(L5,[1]Options!I$2:J$100,2,FALSE) -> 1 | N5: PX_GPIO_AF_10 | O5: =VLOOKUP(N5,[1]Options!K$2:L$100,2,FALSE) -> 12 | Q5: =CONCATENATE("#define ",$A5," PX_GPIO(",$B5,", ",$C5,", ",$D5,", ",$F5,", ",$H5,", ",$J5,", ",$L5,", ",$N5,")") -> #define PX_GPIO_USBD_N PX_GPIO(A, 11, PX_GPIO_MODE_AF, PX_GPIO_OTYPE_PP, PX_GPIO_OSPEED_VH, PX_GPIO_PULL_NO, PX_GPIO_OUT_INIT_NA, PX_GPIO_AF_10) | S5: =CONCATENATE("#define PX_GPIO_",$B5,$C5," ",$A5) -> #define PX_GPIO_A11 PX_GPIO_USBD_N | U5: =CONCATENATE("static const px_gpio_handle_t ",LOWER($A5)," = {",$A5,"};") -> static const px_gpio_handle_t px_gpio_usbd_n = {PX_GPIO_USBD_N};
A6: PX_GPIO_USBD_P | B6: A | C6: 12 | D6: PX_GPIO_MODE_AF | E6: =VLOOKUP(D6,[1]Options!A$2:B$100,2,FALSE) -> 3 | F6: PX_GPIO_OTYPE_PP | G6: =VLOOKUP(F6,[1]Options!C$2:D$100,2,FALSE) -> 2 | H6: PX_GPIO_OSPEED_VH | I6: =VLOOKUP(H6,[1]Options!E$2:F$100,2,FALSE) -> 5 | J6: PX_GPIO_PULL_NO | K6: =VLOOKUP(J6,[1]Options!G$2:H$100,2,FALSE) -> 1 | L6: PX_GPIO_OUT_INIT_NA | M6: =VLOOKUP(L6,[1]Options!I$2:J$100,2,FALSE) -> 1 | N6: PX_GPIO_AF_10 | O6: =VLOOKUP(N6,[1]Options!K$2:L$100,2,FALSE) -> 12 | Q6: =CONCATENATE("#define ",$A6," PX_GPIO(",$B6,", ",$C6,", ",$D6,", ",$F6,", ",$H6,", ",$J6,", ",$L6,", ",$N6,")") -> #define PX_GPIO_USBD_P PX_GPIO(A, 12, PX_GPIO_MODE_AF, PX_GPIO_OTYPE_PP, PX_GPIO_OSPEED_VH, PX_GPIO_PULL_NO, PX_GPIO_OUT_INIT_NA, PX_GPIO_AF_10) | S6: =CONCATENATE("#define PX_GPIO_",$B6,$C6," ",$A6) -> #define PX_GPIO_A12 PX_GPIO_USBD_P | U6: =CONCATENATE("static const px_gpio_handle_t ",LOWER($A6)," = {",$A6,"};") -> static const px_gpio_handle_t px_gpio_usbd_p = {PX_GPIO_USBD_P};
A7: PX_GPIO_SWDIO | B7: A | C7: 13 | D7: PX_GPIO_MODE_AF | E7: =VLOOKUP(D7,Options!A$2:B$100,2,FALSE) -> 3 | F7: PX_GPIO_OTYPE_NA | G7: =VLOOKUP(F7,Options!C$2:D$100,2,FALSE) -> 1 | H7: PX_GPIO_OSPEED_HI | I7: =VLOOKUP(H7,Options!E$2:F$100,2,FALSE) -> 4 | J7: PX_GPIO_PULL_UP | K7: =VLOOKUP(J7,Options!G$2:H$100,2,FALSE) -> 2 | L7: PX_GPIO_OUT_INIT_NA | M7: =VLOOKUP(L7,Options!I$2:J$100,2,FALSE) -> 1 | N7: PX_GPIO_AF_0 | O7: =VLOOKUP(N7,Options!K$2:L$100,2,FALSE) -> 2 | Q7: =CONCATENATE("#define ",$A7," PX_GPIO(",$B7,", ",$C7,", ",$D7,", ",$F7,", ",$H7,", ",$J7,", ",$L7,", ",$N7,")") -> #define PX_GPIO_SWDIO PX_GPIO(A, 13, PX_GPIO_MODE_AF, PX_GPIO_OTYPE_NA, PX_GPIO_OSPEED_HI, PX_GPIO_PULL_UP, PX_GPIO_OUT_INIT_NA, PX_GPIO_AF_0) | S7: =CONCATENATE("#define PX_GPIO_",$B7,$C7," ",$A7) -> #define PX_GPIO_A13 PX_GPIO_SWDIO | U7: =CONCATENATE("static const px_gpio_handle_t ",LOWER($A7)," = {",$A7,"};") -> static const px_gpio_handle_t px_gpio_swdio = {PX_GPIO_SWDIO};
A8: PX_GPIO_SWDCK | B8: A | C8: 14 | D8: PX_GPIO_MODE_AF | E8: =VLOOKUP(D8,Options!A$2:B$100,2,FALSE) -> 3 | F8: PX_GPIO_OTYPE_NA | G8: =VLOOKUP(F8,Options!C$2:D$100,2,FALSE) -> 1 | H8: PX_GPIO_OSPEED_NA | I8: =VLOOKUP(H8,Options!E$2:F$100,2,FALSE) -> 1 | J8: PX_GPIO_PULL_DN | K8: =VLOOKUP(J8,Options!G$2:H$100,2,FALSE) -> 3 | L8: PX_GPIO_OUT_INIT_NA | M8: =VLOOKUP(L8,Options!I$2:J$100,2,FALSE) -> 1 | N8: PX_GPIO_AF_0 | O8: =VLOOKUP(N8,Options!K$2:L$100,2,FALSE) -> 2 | Q8: =CONCATENATE("#define ",$A8," PX_GPIO(",$B8,", ",$C8,", ",$D8,", ",$F8,", ",$H8,", ",$J8,", ",$L8,", ",$N8,")") -> #define PX_GPIO_SWDCK PX_GPIO(A, 14, PX_GPIO_MODE_AF, PX_GPIO_OTYPE_NA, PX_GPIO_OSPEED_NA, PX_GPIO_PULL_DN, PX_GPIO_OUT_INIT_NA, PX_GPIO_AF_0) | S8: =CONCATENATE("#define PX_GPIO_",$B8,$C8," ",$A8) -> #define PX_GPIO_A14 PX_GPIO_SWDCK | U8: =CONCATENATE("static const px_gpio_handle_t ",LOWER($A8)," = {",$A8,"};") -> static const px_gpio_handle_t px_gpio_swdck = {PX_GPIO_SWDCK};
A10: PX_GPIO_USB_SENSE | B10: C | C10: 0 | D10: PX_GPIO_MODE_IN | E10: =VLOOKUP(D10,Options!A$2:B$100,2,FALSE) -> 1 | F10: PX_GPIO_OTYPE_NA | G10: =VLOOKUP(F10,Options!C$2:D$100,2,FALSE) -> 1 | H10: PX_GPIO_OSPEED_NA | I10: =VLOOKUP(H10,Options!E$2:F$100,2,FALSE) -> 1 | J10: PX_GPIO_PULL_NO | K10: =VLOOKUP(J10,Options!G$2:H$100,2,FALSE) -> 1 | L10: PX_GPIO_OUT_INIT_NA | M10: =VLOOKUP(L10,Options!I$2:J$100,2,FALSE) -> 1 | N10: PX_GPIO_AF_NA | O10: =VLOOKUP(N10,Options!K$2:L$100,2,FALSE) -> 1 | Q10: =CONCATENATE("#define ",$A10," PX_GPIO(",$B10,", ",$C10,", ",$D10,", ",$F10,", ",$H10,", ",$J10,", ",$L10,", ",$N10,")") -> #define PX_GPIO_USB_SENSE PX_GPIO(C, 0, PX_GPIO_MODE_IN, PX_GPIO_OTYPE_NA, PX_GPIO_OSPEED_NA, PX_GPIO_PULL_NO, PX_GPIO_OUT_INIT_NA, PX_GPIO_AF_NA) | S10: =CONCATENATE("#define PX_GPIO_",$B10,$C10," ",$A10) -> #define PX_GPIO_C0 PX_GPIO_USB_SENSE | U10: =CONCATENATE("static const px_gpio_handle_t ",LOWER($A10)," = {",$A10,"};") -> static const px_gpio_handle_t px_gpio_usb_sense = {PX_GPIO_USB_SENSE};
A11: PX_GPIO_LED_BLUE | B11: C | C11: 9 | D11: PX_GPIO_MODE_OUT | E11: =VLOOKUP(D11,Options!A$2:B$100,2,FALSE) -> 2 | F11: PX_GPIO_OTYPE_OD | G11: =VLOOKUP(F11,Options!C$2:D$100,2,FALSE) -> 3 | H11: PX_GPIO_OSPEED_LO | I11: =VLOOKUP(H11,Options!E$2:F$100,2,FALSE) -> 2 | J11: PX_GPIO_PULL_NO | K11: =VLOOKUP(J11,Options!G$2:H$100,2,FALSE) -> 1 | L11: PX_GPIO_OUT_INIT_HI | M11: =VLOOKUP(L11,Options!I$2:J$100,2,FALSE) -> 3 | N11: PX_GPIO_AF_NA | O11: =VLOOKUP(N11,Options!K$2:L$100,2,FALSE) -> 1 | Q11: =CONCATENATE("#define ",$A11," PX_GPIO(",$B11,", ",$C11,", ",$D11,", ",$F11,", ",$H11,", ",$J11,", ",$L11,", ",$N11,")") -> #define PX_GPIO_LED_BLUE PX_GPIO(C, 9, PX_GPIO_MODE_OUT, PX_GPIO_OTYPE_OD, PX_GPIO_OSPEED_LO, PX_GPIO_PULL_NO, PX_GPIO_OUT_INIT_HI, PX_GPIO_AF_NA) | S11: =CONCATENATE("#define PX_GPIO_",$B11,$C11," ",$A11) -> #define PX_GPIO_C9 PX_GPIO_LED_BLUE | U11: =CONCATENATE("static const px_gpio_handle_t ",LOWER($A11)," = {",$A11,"};") -> static const px_gpio_handle_t px_gpio_led_blue = {PX_GPIO_LED_BLUE};
A12: PX_GPIO_BTN_BLUE | B12: C | C12: 13 | D12: PX_GPIO_MODE_IN | E12: =VLOOKUP(D12,Options!A$2:B$100,2,FALSE) -> 1 | F12: PX_GPIO_OTYPE_NA | G12: =VLOOKUP(F12,Options!C$2:D$100,2,FALSE) -> 1 | H12: PX_GPIO_OSPEED_NA | I12: =VLOOKUP(H12,Options!E$2:F$100,2,FALSE) -> 1 | J12: PX_GPIO_PULL_UP | K12: =VLOOKUP(J12,Options!G$2:H$100,2,FALSE) -> 2 | L12: PX_GPIO_OUT_INIT_NA | M12: =VLOOKUP(L12,Options!I$2:J$100,2,FALSE) -> 1 | N12: PX_GPIO_AF_NA | O12: =VLOOKUP(N12,Options!K$2:L$100,2,FALSE) -> 1 | Q12: =CONCATENATE("#define ",$A12," PX_GPIO(",$B12,", ",$C12,", ",$D12,", ",$F12,", ",$H12,", ",$J12,", ",$L12,", ",$N12,")") -> #define PX_GPIO_BTN_BLUE PX_GPIO(C, 13, PX_GPIO_MODE_IN, PX_GPIO_OTYPE_NA, PX_GPIO_OSPEED_NA, PX_GPIO_PULL_UP, PX_GPIO_OUT_INIT_NA, PX_GPIO_AF_NA) | S12: =CONCATENATE("#define PX_GPIO_",$B12,$C12," ",$A12) -> #define PX_GPIO_C13 PX_GPIO_BTN_BLUE | U12: =CONCATENATE("static const px_gpio_handle_t ",LOWER($A12)," = {",$A12,"};") -> static const px_gpio_handle_t px_gpio_btn_blue = {PX_GPIO_BTN_BLUE};
A13: PX_GPIO_OSC32_IN | B13: C | C13: 14 | D13: PX_GPIO_MODE_ANA | E13: =VLOOKUP(D13,[1]Options!A$2:B$100,2,FALSE) -> 4 | F13: PX_GPIO_OTYPE_NA | G13: =VLOOKUP(F13,[1]Options!C$2:D$100,2,FALSE) -> 1 | H13: PX_GPIO_OSPEED_NA | I13: =VLOOKUP(H13,[1]Options!E$2:F$100,2,FALSE) -> 1 | J13: PX_GPIO_PULL_NO | K13: =VLOOKUP(J13,[1]Options!G$2:H$100,2,FALSE) -> 1 | L13: PX_GPIO_OUT_INIT_NA | M13: =VLOOKUP(L13,[1]Options!I$2:J$100,2,FALSE) -> 1 | N13: PX_GPIO_AF_NA | O13: =VLOOKUP(N13,[1]Options!K$2:L$100,2,FALSE) -> 1 | Q13: =CONCATENATE("#define ",$A13," PX_GPIO(",$B13,", ",$C13,", ",$D13,", ",$F13,", ",$H13,", ",$J13,", ",$L13,", ",$N13,")") -> #define PX_GPIO_OSC32_IN PX_GPIO(C, 14, PX_GPIO_MODE_ANA, PX_GPIO_OTYPE_NA, PX_GPIO_OSPEED_NA, PX_GPIO_PULL_NO, PX_GPIO_OUT_INIT_NA, PX_GPIO_AF_NA) | S13: =CONCATENATE("#define PX_GPIO_",$B13,$C13," ",$A13) -> #define PX_GPIO_C14 PX_GPIO_OSC32_IN | U13: =CONCATENATE("static const px_gpio_handle_t ",LOWER($A13)," = {",$A13,"};") -> static const px_gpio_handle_t px_gpio_osc32_in = {PX_GPIO_OSC32_IN};
A14: PX_GPIO_OSC32_OUT | B14: C | C14: 15 | D14: PX_GPIO_MODE_ANA | E14: =VLOOKUP(D14,[1]Options!A$2:B$100,2,FALSE) -> 4 | F14: PX_GPIO_OTYPE_NA | G14: =VLOOKUP(F14,[1]Options!C$2:D$100,2,FALSE) -> 1 | H14: PX_GPIO_OSPEED_NA | I14: =VLOOKUP(H14,[1]Options!E$2:F$100,2,FALSE) -> 1 | J14: PX_GPIO_PULL_NO | K14: =VLOOKUP(J14,[1]Options!G$2:H$100,2,FALSE) -> 1 | L14: PX_GPIO_OUT_INIT_NA | M14: =VLOOKUP(L14,[1]Options!I$2:J$100,2,FALSE) -> 1 | N14: PX_GPIO_AF_NA | O14: =VLOOKUP(N14,[1]Options!K$2:L$100,2,FALSE) -> 1 | Q14: =CONCATENATE("#define ",$A14," PX_GPIO(",$B14,", ",$C14,", ",$D14,", ",$F14,", ",$H14,", ",$J14,", ",$L14,", ",$N14,")") -> #define PX_GPIO_OSC32_OUT PX_GPIO(C, 15, PX_GPIO_MODE_ANA, PX_GPIO_OTYPE_NA, PX_GPIO_OSPEED_NA, PX_GPIO_PULL_NO, PX_GPIO_OUT_INIT_NA, PX_GPIO_AF_NA) | S14: =CONCATENATE("#define PX_GPIO_",$B14,$C14," ",$A14) -> #define PX_GPIO_C15 PX_GPIO_OSC32_OUT | U14: =CONCATENATE("static const px_gpio_handle_t ",LOWER($A14)," = {",$A14,"};") -> static const px_gpio_handle_t px_gpio_osc32_out = {PX_GPIO_OSC32_OUT};

Sheet Options
A1: Mode | C1: OutputType | E1: OutputSpeed | G1: Pull | I1: OutputInit | K1: AltFn
A2: PX_GPIO_MODE_IN | B2: 1 | C2: PX_GPIO_OTYPE_NA | D2: 1 | E2: PX_GPIO_OSPEED_NA | F2: 1 | G2: PX_GPIO_PULL_NO | H2: 1 | I2: PX_GPIO_OUT_INIT_NA | J2: 1 | K2: PX_GPIO_AF_NA | L2: 1
A3: PX_GPIO_MODE_OUT | B3: 2 | C3: PX_GPIO_OTYPE_PP | D3: 2 | E3: PX_GPIO_OSPEED_LO | F3: 2 | G3: PX_GPIO_PULL_UP | H3: 2 | I3: PX_GPIO_OUT_INIT_LO | J3: 2 | K3: PX_GPIO_AF_0 | L3: 2
A4: PX_GPIO_MODE_AF | B4: 3 | C4: PX_GPIO_OTYPE_OD | D4: 3 | E4: PX_GPIO_OSPEED_MD | F4: 3 | G4: PX_GPIO_PULL_DN | H4: 3 | I4: PX_GPIO_OUT_INIT_HI | J4: 3 | K4: PX_GPIO_AF_1 | L4: 3
A5: PX_GPIO_MODE_ANA | B5: 4 | E5: PX_GPIO_OSPEED_HI | F5: 4 | K5: PX_GPIO_AF_2 | L5: 4
E6: PX_GPIO_OSPEED_VH | F6: 5 | K6: PX_GPIO_AF_3 | L6: 5
K7: PX_GPIO_AF_4 | L7: 6
K8: PX_GPIO_AF_5 | L8: 7
K9: PX_GPIO_AF_6 | L9: 8
K10: PX_GPIO_AF_7 | L10: 9
